{"cameraMode":{"drawMode":0,"name":"Shaded","section":"Shading Mode"},"sceneLighting":true,"audioPlay":false,"sceneViewState":{"m_AlwaysRefresh":false,"showFog":true,"showSkybox":false,"showFlares":true,"showImageEffects":true,"showParticleSystems":true,"showVisualEffectGraphs":true,"m_FxEnabled":true},"in2DMode":false,"pivot":{"x":25.287681579589845,"y":-0.9326069355010986,"z":16.466035842895509},"rotation":{"x":0.1398306041955948,"y":-0.8306359052658081,"z":0.24094367027282716,"w":0.48215165734291079},"size":3.8432679176330568,"orthographic":false}