{"cameraMode":{"drawMode":0,"name":"Shaded","section":"Shading Mode"},"sceneLighting":true,"audioPlay":false,"sceneViewState":{"m_AlwaysRefresh":false,"showFog":true,"showSkybox":false,"showFlares":true,"showImageEffects":true,"showParticleSystems":true,"showVisualEffectGraphs":true,"m_FxEnabled":true},"in2DMode":false,"pivot":{"x":6.019227981567383,"y":0.5180000066757202,"z":6.8167219161987309},"rotation":{"x":-0.2104492485523224,"y":0.10592780262231827,"z":-0.022946564480662347,"w":-0.9715818762779236},"size":0.5767577290534973,"orthographic":false}