{"cameraMode":{"drawMode":0,"name":"Shaded","section":"Shading Mode"},"sceneLighting":true,"audioPlay":false,"sceneViewState":{"m_AlwaysRefresh":false,"showFog":true,"showSkybox":false,"showFlares":true,"showImageEffects":true,"showParticleSystems":true,"showVisualEffectGraphs":true,"m_FxEnabled":true},"in2DMode":false,"pivot":{"x":2.8961575031280519,"y":1.615149974822998,"z":0.168093740940094},"rotation":{"x":0.23273500800132752,"y":-0.20330333709716798,"z":0.0498168021440506,"w":0.9497623443603516},"size":0.5113005638122559,"orthographic":false}