{"cameraMode":{"drawMode":0,"name":"Shaded","section":"Shading Mode"},"sceneLighting":true,"audioPlay":false,"sceneViewState":{"m_AlwaysRefresh":false,"showFog":true,"showSkybox":false,"showFlares":true,"showImageEffects":true,"showParticleSystems":true,"showVisualEffectGraphs":true,"m_FxEnabled":true},"in2DMode":false,"pivot":{"x":-0.0016429424285888672,"y":0.5731155276298523,"z":4.7229485511779789},"rotation":{"x":0.05709359794855118,"y":-0.9421339631080627,"z":0.21296462416648866,"w":0.2525661289691925},"size":0.32262811064720156,"orthographic":false}