{"cameraMode":{"drawMode":0,"name":"Shaded","section":"Shading Mode"},"sceneLighting":true,"audioPlay":false,"sceneViewState":{"m_AlwaysRefresh":false,"showFog":true,"showSkybox":false,"showFlares":true,"showImageEffects":true,"showParticleSystems":true,"showVisualEffectGraphs":true,"m_FxEnabled":true},"in2DMode":false,"pivot":{"x":2.766451835632324,"y":1.4755231142044068,"z":3.5575945377349855},"rotation":{"x":0.07493236660957337,"y":0.08993249386548996,"z":-0.006787008605897427,"w":0.9931055903434753},"size":4.352639675140381,"orthographic":false}