{"cameraMode":{"drawMode":0,"name":"Shaded","section":"Shading Mode"},"sceneLighting":true,"audioPlay":false,"sceneViewState":{"m_AlwaysRefresh":false,"showFog":true,"showSkybox":false,"showFlares":true,"showImageEffects":true,"showParticleSystems":true,"showVisualEffectGraphs":true,"m_FxEnabled":true},"in2DMode":false,"pivot":{"x":0.15394729375839234,"y":1.1500000953674317,"z":3.440000057220459},"rotation":{"x":0.186708003282547,"y":-0.003806407330557704,"z":0.0007218485116027296,"w":0.9824193120002747},"size":1.463653326034546,"orthographic":false}