{"cameraMode":{"drawMode":0,"name":"Shaded","section":"Shading Mode"},"sceneLighting":true,"audioPlay":false,"sceneViewState":{"m_AlwaysRefresh":false,"showFog":true,"showSkybox":false,"showFlares":true,"showImageEffects":true,"showParticleSystems":true,"showVisualEffectGraphs":true,"m_FxEnabled":true},"in2DMode":false,"pivot":{"x":179.62709045410157,"y":125.02638244628906,"z":0.1933441162109375},"rotation":{"x":0.1304386854171753,"y":0.0021101755555719139,"z":-0.00025716720847412944,"w":0.99146968126297},"size":82.48833465576172,"orthographic":false}