{"cameraMode":{"drawMode":0,"name":"Shaded","section":"Shading Mode"},"sceneLighting":true,"audioPlay":false,"sceneViewState":{"m_AlwaysRefresh":false,"showFog":true,"showSkybox":false,"showFlares":true,"showImageEffects":true,"showParticleSystems":true,"showVisualEffectGraphs":true,"m_FxEnabled":true},"in2DMode":false,"pivot":{"x":-2.1898679733276369,"y":2.787367343902588,"z":2.320962905883789},"rotation":{"x":0.2330814003944397,"y":0.12678201496601106,"z":-0.030666552484035493,"w":0.9636761546134949},"size":2.0107922554016115,"orthographic":false}