{"cameraMode":{"drawMode":0,"name":"Shaded","section":"Shading Mode"},"sceneLighting":true,"audioPlay":false,"sceneViewState":{"m_AlwaysRefresh":false,"showFog":true,"showSkybox":false,"showFlares":true,"showImageEffects":true,"showParticleSystems":true,"showVisualEffectGraphs":true,"m_FxEnabled":true},"in2DMode":false,"pivot":{"x":1.0852628946304322,"y":0.8451459407806397,"z":6.823487281799316},"rotation":{"x":-0.024573618546128274,"y":0.9686089158058167,"z":-0.10680094361305237,"w":-0.22323863208293916},"size":1.6662331819534302,"orthographic":false}