{"cameraMode":{"drawMode":0,"name":"Shaded","section":"Shading Mode"},"sceneLighting":true,"audioPlay":false,"sceneViewState":{"m_AlwaysRefresh":false,"showFog":true,"showSkybox":false,"showFlares":true,"showImageEffects":true,"showParticleSystems":true,"showVisualEffectGraphs":true,"m_FxEnabled":true},"in2DMode":false,"pivot":{"x":1.3635965585708619,"y":1.6364727020263672,"z":1.9463547468185425},"rotation":{"x":0.23184645175933839,"y":-0.3315603733062744,"z":0.08441630750894547,"w":0.9106032848358154},"size":0.7600407600402832,"orthographic":false}