{"cameraMode":{"drawMode":0,"name":"Shaded","section":"Shading Mode"},"sceneLighting":true,"audioPlay":false,"sceneViewState":{"m_AlwaysRefresh":false,"showFog":true,"showSkybox":false,"showFlares":true,"showImageEffects":true,"showParticleSystems":true,"showVisualEffectGraphs":true,"m_FxEnabled":true},"in2DMode":false,"pivot":{"x":-0.04751458764076233,"y":0.5976565480232239,"z":2.5501761436462404},"rotation":{"x":-0.012599469162523747,"y":0.9873978495597839,"z":-0.11036349087953568,"w":-0.11275211721658707},"size":0.7202681303024292,"orthographic":false}