{"cameraMode":{"drawMode":0,"name":"Shaded","section":"Shading Mode"},"sceneLighting":true,"audioPlay":false,"sceneViewState":{"m_AlwaysRefresh":false,"showFog":true,"showSkybox":false,"showFlares":true,"showImageEffects":true,"showParticleSystems":true,"showVisualEffectGraphs":true,"m_FxEnabled":true},"in2DMode":false,"pivot":{"x":187.99844360351563,"y":103.16773986816406,"z":-15.757965087890625},"rotation":{"x":0.05727527663111687,"y":-0.011354775168001652,"z":0.0006684714462608099,"w":0.9983084797859192},"size":50.16566848754883,"orthographic":false}