{"cameraMode":{"drawMode":0,"name":"Shaded","section":"Shading Mode"},"sceneLighting":true,"audioPlay":false,"sceneViewState":{"m_AlwaysRefresh":false,"showFog":true,"showSkybox":false,"showFlares":true,"showImageEffects":true,"showParticleSystems":true,"showVisualEffectGraphs":true,"m_FxEnabled":true},"in2DMode":false,"pivot":{"x":3.233483076095581,"y":0.8381718397140503,"z":5.220514297485352},"rotation":{"x":0.3236149847507477,"y":-0.06321176141500473,"z":0.0216770451515913,"w":0.9438391923904419},"size":0.15809153020381928,"orthographic":false}