{"cameraMode":{"drawMode":0,"name":"Shaded","section":"Shading Mode"},"sceneLighting":true,"audioPlay":false,"sceneViewState":{"m_AlwaysRefresh":false,"showFog":true,"showSkybox":false,"showFlares":true,"showImageEffects":true,"showParticleSystems":true,"showVisualEffectGraphs":true,"m_FxEnabled":true},"in2DMode":false,"pivot":{"x":0.0032417774200439455,"y":0.27304768562316897,"z":2.1019198894500734},"rotation":{"x":0.3814316391944885,"y":-0.503195583820343,"z":0.2631339430809021,"w":0.729444146156311},"size":2.0906848907470705,"orthographic":false}