{"cameraMode":{"drawMode":0,"name":"Shaded","section":"Shading Mode"},"sceneLighting":true,"audioPlay":false,"sceneViewState":{"m_AlwaysRefresh":false,"showFog":true,"showSkybox":false,"showFlares":true,"showImageEffects":true,"showParticleSystems":true,"showVisualEffectGraphs":true,"m_FxEnabled":true},"in2DMode":false,"pivot":{"x":-20.0086612701416,"y":5.378277778625488,"z":15.77878475189209},"rotation":{"x":-0.00004929900023853406,"y":0.997433602809906,"z":0.0011902565602213145,"w":0.07192442566156388},"size":2.8036201000213625,"orthographic":false}