{"cameraMode":{"drawMode":0,"name":"Shaded","section":"Shading Mode"},"sceneLighting":true,"audioPlay":false,"sceneViewState":{"m_AlwaysRefresh":false,"showFog":true,"showSkybox":false,"showFlares":true,"showImageEffects":true,"showParticleSystems":true,"showVisualEffectGraphs":true,"m_FxEnabled":true},"in2DMode":false,"pivot":{"x":2.4180707931518556,"y":0.9936045408248901,"z":5.592064380645752},"rotation":{"x":0.1485113650560379,"y":-0.7958588004112244,"z":0.21668727695941926,"w":0.5455607175827026},"size":0.7436753511428833,"orthographic":false}