{"cameraMode":{"drawMode":0,"name":"Shaded","section":"Shading Mode"},"sceneLighting":true,"audioPlay":false,"sceneViewState":{"m_AlwaysRefresh":false,"showFog":true,"showSkybox":false,"showFlares":true,"showImageEffects":true,"showParticleSystems":true,"showVisualEffectGraphs":true,"m_FxEnabled":true},"in2DMode":false,"pivot":{"x":129.5446014404297,"y":78.42991638183594,"z":-0.42108154296875},"rotation":{"x":-0.0033095176331698896,"y":0.009597490541636944,"z":-0.00003375502637936734,"w":-0.9999523162841797},"size":75.57489776611328,"orthographic":false}