{"cameraMode":{"drawMode":0,"name":"Shaded","section":"Shading Mode"},"sceneLighting":true,"audioPlay":false,"sceneViewState":{"m_AlwaysRefresh":false,"showFog":true,"showSkybox":false,"showFlares":true,"showImageEffects":true,"showParticleSystems":true,"showVisualEffectGraphs":true,"m_FxEnabled":true},"in2DMode":false,"pivot":{"x":0.23261606693267823,"y":0.7882969379425049,"z":0.5320884585380554},"rotation":{"x":-0.1531156450510025,"y":0.25820887088775637,"z":-0.04148675873875618,"w":-0.9529757499694824},"size":1.0041793584823609,"orthographic":false}