{"cameraMode":{"drawMode":0,"name":"Shaded","section":"Shading Mode"},"sceneLighting":true,"audioPlay":false,"sceneViewState":{"m_AlwaysRefresh":false,"showFog":true,"showSkybox":false,"showFlares":true,"showImageEffects":true,"showParticleSystems":true,"showVisualEffectGraphs":true,"m_FxEnabled":true},"in2DMode":false,"pivot":{"x":-0.3356146812438965,"y":-5.140038013458252,"z":16.895763397216798},"rotation":{"x":-0.17347238957881928,"y":0.12577803432941438,"z":-0.02234365977346897,"w":-0.9765187501907349},"size":13.610307693481446,"orthographic":false}