{"cameraMode":{"drawMode":0,"name":"Shaded","section":"Shading Mode"},"sceneLighting":false,"audioPlay":false,"sceneViewState":{"m_AlwaysRefresh":false,"showFog":true,"showSkybox":false,"showFlares":true,"showImageEffects":true,"showParticleSystems":true,"showVisualEffectGraphs":true,"m_FxEnabled":true},"in2DMode":false,"pivot":{"x":1.0230664014816285,"y":0.6072406768798828,"z":2.71348237991333},"rotation":{"x":-0.005859614349901676,"y":-0.9885093569755554,"z":-0.03975054994225502,"w":0.14578141272068025},"size":0.9714499711990356,"orthographic":false}