{"cameraMode":{"drawMode":0,"name":"Shaded","section":"Shading Mode"},"sceneLighting":false,"audioPlay":false,"sceneViewState":{"m_AlwaysRefresh":false,"showFog":true,"showSkybox":false,"showFlares":true,"showImageEffects":true,"showParticleSystems":true,"showVisualEffectGraphs":true,"m_FxEnabled":true},"in2DMode":false,"pivot":{"x":0.1469554603099823,"y":0.5500001907348633,"z":2.7910804748535158},"rotation":{"x":0.058852072805166247,"y":-0.8714399933815002,"z":0.10800466686487198,"w":0.47484901547431948},"size":0.5888182520866394,"orthographic":false}