{"cameraMode":{"drawMode":0,"name":"Shaded","section":"Shading Mode"},"sceneLighting":false,"audioPlay":false,"sceneViewState":{"m_AlwaysRefresh":false,"showFog":true,"showSkybox":false,"showFlares":true,"showImageEffects":true,"showParticleSystems":true,"showVisualEffectGraphs":true,"m_FxEnabled":true},"in2DMode":false,"pivot":{"x":1.690000057220459,"y":0.7120000123977661,"z":2.7300000190734865},"rotation":{"x":0.18700064718723298,"y":-0.20287954807281495,"z":0.0395028293132782,"w":0.9603736400604248},"size":0.8405742645263672,"orthographic":false}