{"cameraMode":{"drawMode":0,"name":"Shaded","section":"Shading Mode"},"sceneLighting":false,"audioPlay":false,"sceneViewState":{"m_AlwaysRefresh":false,"showFog":true,"showSkybox":false,"showFlares":true,"showImageEffects":true,"showParticleSystems":true,"showVisualEffectGraphs":true,"m_FxEnabled":true},"in2DMode":false,"pivot":{"x":-0.11007729172706604,"y":0.2205907702445984,"z":-0.07009640336036682},"rotation":{"x":0.2051202356815338,"y":0.6076878309249878,"z":-0.16642174124717713,"w":0.748979389667511},"size":0.257973849773407,"orthographic":false}